{"soso1": {"latitudes": [75.07748766629685, 78.22513082632453, 80.87794615214735, 82.49341257405308, 82.38129749246141], "longitudes": [143.72608998815065, 134.2517399842274, 118.91394448280688, 94.6773000601404, 65.34408111426669]}, "soso2": {"latitudes": [18.17383945464748, 14.40711909731346, 10.637596641119371, 6.865952051567754, 3.092857947713629], "longitudes": [-5.003678047298597, -5.785640893837906, -6.550128409128231, -7.302208394824778, -8.046501428988448]}, "soso3": {"latitudes": [-46.923508064401005, -50.64229562616545, -54.345526116623695, -58.02888085346845, -61.68581953134035], "longitudes": [-15.442039541058689, -16.81500953234326, -18.379782051058008, -20.203334798581118, -22.38591487501951]}, "soso4": {"latitudes": [-60.10972035693752, -56.436059491595486, -52.738644969668336, -49.022942583247286, -45.292641145640516], "longitudes": [-174.47160135288064, -176.4857282121601, -178.18892207914615, -179.66515802308052, 179.0285451454931]}, "soso5": {"latitudes": [17.658153654647087, 21.430010967045096, 25.198214739080672, 28.961963647489117, 32.72038844684718], "longitudes": [170.17987380694242, 169.3770513320543, 168.54514389761644, 167.67637482661914, 166.7612873154448]}}