{"soso1": {"latitudes": [-2.742907104069494, 1.0565448384708471, 4.85603120366746, 8.654867575128744, 12.452365814702866, 16.247830944156405, 20.040555843949097, 23.82981250034984, 27.614838117033518, 31.39481372600412, 35.16883180486835, 38.93584751718874, 42.69460496275964, 46.44352413700438, 50.18052394454878, 53.90273699682616, 57.60603302593511, 61.28418644000441, 64.92734306837508, 68.51901236950197, 72.02971480735668, 75.4024072323026, 78.5163551261482, 81.09719315891672, 82.56804673502072, 82.26733764877545, 80.35893255009564, 77.56120239701148, 74.3428231246688, 70.91430497188483, 67.36980174408366, 63.755112502079946, 60.09455619060811, 56.40205413917854, 52.686092500950004, 48.952130628435626, 45.20385514195278, 41.443873111863574, 37.67411489534614, 33.89607817345369, 30.110980853621196, 26.31985939800613, 22.523633215658677, 18.723147235662314, 14.919200050152238, 11.112562300844377, 7.303988386453695, 3.494223610209073, -0.3159916944227946, -4.125919866261892, -7.934824449221219, -11.741968641555863, -15.546612743030025, -19.34800958202097, -23.1453966958076, -26.937983661813256, -30.724932358066113, -34.50532690036152, -38.278128285091505, -42.04210583605014], "longitudes": [-29.633613042936904, -30.371940593404794, -31.11148001960163, -31.85653598924977, -32.611607570819416, -33.38155466614262, -34.17179238529333, -34.98853046783616, -35.839081282585504, -36.732270465288735, -37.679001435083414, -38.69305344562026, -39.792240878572116, -41.0001450600718, -42.34878008632605, -43.882834365140326, -45.66667462226358, -47.79640916486983, -50.42168212560499, -53.787205847426456, -58.316466855384384, -64.78840047955312, -74.7048074029215, -90.82181709364777, -115.9564831693867, -145.15458990306735, -167.36023671905247, 178.87955483270676, 170.29073710186677, 164.5560487950906, 160.46000427501662, 157.3652783622404, 154.91860859881706, 152.91198674004175, 151.21610169519107, 149.74672579968288, 148.44676412939606, 147.2761597262956, 146.2059497482659, 145.21462121977194, 144.28579536658862, 143.40670832860158, 142.56718477715785, 141.75892509299314, 140.97499658429643, 140.20945975073346, 139.45708474896875, 138.7131278918202, 137.9731470098635, 137.23283994805817, 136.48789355112234, 135.7338318464107, 134.9658520316088, 134.1786352967424, 133.3661161407214, 132.52118798294114, 131.63531322471687, 130.69799017925703, 129.69600334055443, 128.61233977680652]}, "soso2": {"latitudes": [-19.41887348521511, -23.19554284191399, -26.967747893318993, -30.734630608671583, -34.49525173769786, -38.24854550831288, -41.99325129732696, -45.72780940501921, -49.45019897230189, -53.15767905454529, -56.84636055950285, -60.510468234421225, -64.14100258179226, -67.7231644462888, -71.23103877195587, -74.61571807744254, -77.77662503394666, -80.49030807376934, -82.27261886002746, -82.43543777604756, -80.89213147669432, -78.29938888381778, -75.1984207261103, -71.84725051225914, -68.36108781617251, -64.7950873500005, -61.178042312142644, -57.52618272130146, -53.8492636329952, -50.15347532123424, -46.44293788503482, -42.72051754939176, -38.988296281098336, -35.24785396698085, -31.500444152916636, -27.747106668561422, -23.988741364156613, -20.226157059764596, -16.46010422286159, -12.691296706464037, -8.92042601257139, -5.1481704271228335, -1.375200692106679, 2.3978165307659802, 6.170216391387052, 9.9413338882342, 13.710501353041446, 17.47704447255596, 21.240275788771218, 24.999484342180377, 28.753919654684154, 32.502767481777, 36.245113492022774, 39.97988890554616, 43.70578846928291, 47.42114469290799, 51.123730455050854, 54.810439579029165, 58.47675003543638, 62.11577980177217], "longitudes": [147.34293093840077, 146.5264205374758, 145.67731776792874, 144.78709932125184, 143.84528891913882, 142.8387166630749, 141.75045059243627, 140.55821257255047, 139.2319601829531, 137.7300756941466, 135.99314138860285, 133.93335388442358, 131.415680808749, 128.22256302104117, 123.98411742971714, 118.03340588771994, 109.10548864142359, 94.8403017088068, 72.18040164984434, 43.35200447928429, 19.12923240742101, 3.586410316338181, -6.070503394253704, -12.429221646693623, -16.908502902977233, -20.252550830683397, -22.86990113942447, -24.998424906488033, -26.78444635191152, -28.32238224856205, -29.675704488625303, -30.8886153333201, -31.992860512097653, -33.01187242217658, -33.9633832507535, -34.86112755115664, -35.7159847890963, -36.536767485269216, -37.33077963521776, -38.10422338025526, -38.86250419416684, -39.61046804455967, -40.35259365621207, -41.09315666553308, -41.8363787086072, -42.58657255373114, -43.34829389114898, -44.12651123090977, -44.92680769770848, -45.75563281477296, -46.62062954173713, -47.53107349165418, -48.498480258943744, -49.537468278198475, -50.66701804516119, -51.91236179099593, -53.30790606045543, -54.90190522940824, -56.764220801728705, -58.99976315738351]}, "soso3": {"latitudes": [-26.262917320820787, -30.037112320418927, -33.80510637047693, -37.5658902336891, -41.31827571335321, -45.06079912681555, -48.79157176258422, -52.5080421417814, -56.20660529598388, -59.8819338446684, -63.52577512992754, -67.1246581124755, -70.65521096325864, -74.07381879411973, -77.29185954690362, -80.11365213832337, -82.10433748307864, -82.56478777700605, -81.25041285179724, -78.7676805540198, -75.71265303253877, -72.37974957886333, -68.8993254021974, -65.33277304009285, -61.711659757110134, -58.05355531978759, -54.36890956730772, -50.6642946991185, -46.944050982263875, -43.21117679362941, -39.467836493311005, -35.71566353534846, -31.955948201048788, -28.18975737349944, -24.418012679149072, -20.64154221816187, -16.86111502303506, -13.077463934696341, -9.291300574450357, -5.503324886291897, -1.714230999823074, 2.075289277877828, 5.864544289858863, 9.65284075800607, 13.439481533939018, 17.2237619434516, 21.00496365099845, 24.78234469705409, 28.5551238944155, 32.32245700446379, 36.08340084332202, 39.83685933931719, 43.58150190040802, 47.31563797209991, 51.03701978901818, 54.742522652910615, 58.42760671776851, 62.08536853437057, 65.70477580815067, 69.26716270485711], "longitudes": [146.32841738105196, 145.4481070674674, 144.51838444071495, 143.52663436715403, 142.45669882634587, 141.28739922255758, 139.9902911923769, 138.52614401832946, 136.83922262020528, 134.84762444040115, 132.42619757032094, 129.3747791395774, 125.35582974577923, 119.76557583919207, 111.46303106796121, 98.2809081364874, 77.03493437546577, 48.40400786681945, 22.73457010615296, 5.914518177804244, -4.461988662022356, -11.210280618774933, -15.91158207543726, -19.39022349651963, -22.0937522144946, -24.280006701892813, -26.106148936677926, -27.672808290095634, -29.047192680530607, -30.275845841167538, -31.39203403514552, -32.42020775808007, -33.37879912330122, -34.28203497570887, -35.14114790647034, -35.96520802474925, -36.76170988521986, -37.53699820481774, -38.29658602533828, -39.045400867776884, -39.78798331969545, -40.52865569054351, -41.27167433271946, -42.02137711136771, -42.78233689118619, -43.55953267307664, -44.35855230793992, -45.185844998996316, -46.049048983140175, -46.95743148204286, -47.9224971172557, -48.95885267395302, -50.085469921667006, -51.32758231184877, -52.71962154116744, -54.309919549760494, -56.168527566682904, -58.400788169051104, -61.17206262181266, -64.75525491039531]},