{"soso1": {"latitudes": [-26.591735180779253, -22.800103861141032, -19.00328661170528, -15.202063576734403, -11.397191072049512, -7.5894137461579865, -3.779472055298929, 0.031893389520086184, 3.8439394186268783, 7.655918830427197, 11.467078939587855, 15.276659219562356, 19.083887026680955, 22.887970164609015, 26.68808470160123, 30.483355809440187, 34.2728284030519, 38.05542262287629, 41.82986634068912, 45.5945917621221, 49.347574041168485, 53.08607255591039, 56.80620161380335, 60.50218721674306, 64.16501276083982, 67.77979600137495, 71.3203303643861, 74.73675805985302, 77.92537545627953, 80.65236041250233, 82.40526552098105, 82.47139612655644, 80.8148336269328, 78.13651142158282, 74.9728275744391, 71.57152207958958, 68.04206085736051, 64.4367275096257, 60.78283111420819, 57.095791103695525, 53.3848975112745, 49.65606398711005, 45.913242647583935, 42.15919751420491, 38.39594984438754, 34.62504584626252, 30.847723401736737, 27.065018801663292, 23.277836475213427, 19.48699508751196, 15.693258109334481, 11.897353953771, 8.09998898973522, 4.301855700506802, 0.5036376023119676, -3.293987839599257, -7.090347291739931, -10.884769723362748, -14.676583788981596, -18.46511345368148], "longitudes": [145.36690112611578, 144.52547728057735, 143.71567337736786, 142.93050685028132, 142.16400093747714, 141.4108983685958, 140.66643596317275, 139.9261587252528, 139.18575755239863, 138.44091782503486, 137.6871675421912, 136.9197136097487, 136.13325334829145, 135.32174496878577, 134.47811496602475, 133.5938708345395, 132.65857192290494, 131.65908554942325, 130.57851223645267, 129.39458911133818, 128.0772469304772, 126.58474879995138, 124.85736140803817, 122.8065462262973, 120.29561599129303, 117.10325240588685, 112.85072333820165, 106.84917180896963, 97.77714594447427, 83.13950317163206, 59.737117194312674, 30.321856306711403, 6.2768606690972, -8.873816372315307, -18.23390794660441, -24.395238227038867, -28.74156899954331, -31.992488994280286, -34.541957197718716, -36.619247748495006, -38.365453880736574, -39.87168729351914, -41.19925486962824, -42.390894137574854, -43.47733177366654, -44.48127426344273, -45.419926660348246, -46.30663510347018, -47.15199020043764, -47.964589144735086, -48.75157663491697, -49.51903976731168, -50.27230544639366, -51.016172717828304, -51.7551025368549, -52.49338145570392, -53.235272217154616, -53.98516254404376, -54.747723182955774, -55.5280874419456]}, "soso2": {"latitudes": [-81.07145695397301, -82.48978472477872, -82.19035594686476, -80.33074634352356, -77.59263073298096, -74.4315513371325, -71.05667878620217, -67.56283291843431, -63.996477339250774, -60.38237425191169, -56.73471428542707, -53.0621386331233, -49.37018889385261, -45.66258737983111, -41.94194684601979, -38.210183990356214, -34.468770625104966, -30.718891550362695, -26.961546507199408, -23.197617320666314, -19.427912648862527, -15.653197880292788, -11.874214972238226, -8.091695340517923, -4.306367966568933, -0.5189642518758427, 3.2697791663423255, 7.059118679755311, 10.84830212297856, 14.636566473152952, 18.4231338364166, 22.207204558981026, 25.987945959651704, 29.764474612923568, 33.535829189615136, 37.300929360438346, 41.058513627681315, 44.807044538396866, 48.544561627493586, 52.26844758841508, 55.975044194797476, 59.65899562459711, 63.31206994937538, 66.9209183242757, 70.46251418744937, 73.89411804110811, 77.12934213219852, 79.97826162046071, 82.01811351991266, 82.55315821040551, 81.30199560057993, 78.85079430808261, 75.80816466722601, 72.47919312253647, 68.99910375944346, 65.43144908144029, 61.80884301926536, 58.149419846922086, 54.46396681899702, 50.75927708857121], "longitudes": [-95.31103695339513, -120.08204401776652, -148.63166040210737, -170.53580814655692, 175.71409011475458, 167.05947470062128, 161.25474578934558, 157.09901843622157, 153.9557032798581, 151.4696181835182, 149.43074273796944, 147.70814481125697, 146.21637244273452, 144.89741972663833, 143.71055054682208, 142.62629175387212, 141.62274339998902, 140.68323083960277, 139.79476270267088, 138.94698844405434, 138.13147415904675, 137.3411858054696, 136.57010994883458, 135.81296660092022, 135.0649836272321, 134.3217113599755, 133.57886164521628, 132.83215876553106, 132.07719119939264, 131.3092532693103, 130.5231644434441, 129.71305110957627, 128.87207045110134, 127.99204749760332, 127.06298250443156, 126.07236299010542, 125.00417663332192, 123.83745582760126, 122.5440690942302, 121.08526284610642, 119.40605382247607, 117.42577043621972, 115.02136863051538, 111.99648682855104, 108.02084945348611, 102.50538471828135, 94.33974455602593, 81.41290296557075, 60.55769164413154, 32.11547292582766, 6.159961999907587, -10.99090931182762, -21.571704723348592, -28.43684217127185, -33.207877775517545, -36.73072338829523, -39.4638694305226, -41.6709168521669, -43.51223002401337, -45.090313356473374]}, "soso3": {"latitudes": [46.19981158610259, 49.93888792976034, 53.663137736276504, 57.36840423052366, 61.04847387183637, 64.69358394272561, 68.2875099319338, 71.80145323293252, 75.18012672764965, 78.30755351796256, 80.92222932450308, 82.47134588826339, 82.28498037567971, 80.46464683572896, 77.71628888359525, 74.5262829156432, 71.11651541487161, 67.58634013009319, 63.983966062488655, 60.33491894172807, 56.65377470948328, 52.94939987609794, 49.22748709439814, 45.49187160249806, 41.745256933611465, 37.98963565696324, 34.22654373821305, 30.457219657838202, 26.682706644277665, 22.903919620564793, 19.121689534943282, 15.336792788693705, 11.549970608216652, 7.761941563894346, 3.9734094094255865, 0.18506782777992717, -3.6023967274902327, -7.38830309444364, -11.17197347074612, -14.95273061456487, -18.729893217117457, -22.502768296517832, -26.270639153894233, -30.03274685565186, -33.788262322407846, -37.53624456786555, -41.27557809823404, -45.00487803905595, -48.72234362174722, -52.42552596029101, -56.11094752648939, -59.77345273286193, -63.40504426904846, -66.99267382021148, -70.51375257792492, -73.92629042192893, -77.145420574992, -79.98472731356702, -82.02901819048884, -82.58907362797362], "longitudes": [133.96352410454722, 132.61636867125543, 131.08567593741506, 129.30815298798865, 127.18955657526672, 124.58363784577813, 121.2522175950439, 116.78518883616134, 110.43271109860092, 100.75731409539975, 85.11604855910323, 60.63387537073892, 31.54714583678697, 8.87246455924233, -5.3067388761310905, -14.154205516426865, -20.04522558222193, -24.240413830313464, -27.4015729157274, -29.894981333356785, -31.9358521387326, -33.65768879693526, -35.14727692621057, -36.463338983287855, -37.6470054757797, -38.72796928423858, -39.72825248799722, -40.66459604019643, -41.55002515413228, -42.39490515209567, -43.207673490508725, -43.995361189138464, -44.763974868420156, -45.518785566700316, -46.264555299391866, -47.005722972977736, -47.746565578842514, -48.491347304384576, -49.24446764548006, -50.01061947565961, -50.79496929237666, -51.60337477160054, -52.44265991449415, -53.32097656337977, -54.24829488833758, -55.23708809434783, -56.30331444181588, -57.46786451653682, -58.75875625642825, -60.21456988203966, -61.890013798610255, -63.86530535643726, -66.26270187582392, -69.27712762554384, -73.23607133517483, -78.72286559619279, -86.83560150264384, -99.66159130624897, -120.35427632962613, -148.69778254177686]},